year,voivodeship_from,voivodeship_to,product_code,services,censored_below_5
2020,Dolnośląskie,Dolnośląskie,5.09.03.0000170,2208,0
2020,Dolnośląskie,Dolnośląskie,5.09.05.0000004,20,0
2020,Lubuskie,Dolnośląskie,5.09.03.0000170,,1
2020,Lubuskie,Dolnośląskie,5.09.05.0000004,,1
2020,Małopolskie,Dolnośląskie,5.09.03.0000170,,1
2020,Małopolskie,Dolnośląskie,5.09.05.0000004,,1
2020,Opolskie,Dolnośląskie,5.09.03.0000170,,1
2020,Śląskie,Dolnośląskie,5.09.03.0000170,,1
2020,Świętokrzyskie,Dolnośląskie,5.09.03.0000170,,1
2020,Wielkopolskie,Dolnośląskie,5.09.03.0000170,51,0
2020,Wielkopolskie,Dolnośląskie,5.09.05.0000004,,1
2020,Kujawsko-pomorskie,Kujawsko-pomorskie,5.09.03.0000170,481,0
2020,Kujawsko-pomorskie,Kujawsko-pomorskie,5.09.05.0000004,,1
2020,Pomorskie,Kujawsko-pomorskie,5.09.05.0000004,,1
2020,Wielkopolskie,Kujawsko-pomorskie,5.09.03.0000170,,1
2020,Lubelskie,Lubelskie,5.09.03.0000170,732,0
2020,Lubelskie,Lubelskie,5.09.05.0000004,9,0
2020,Małopolskie,Lubelskie,5.09.03.0000170,,1
2020,Mazowieckie,Lubelskie,5.09.03.0000170,14,0
2020,Mazowieckie,Lubelskie,5.09.05.0000004,,1
2020,Podkarpackie,Lubelskie,5.09.03.0000170,18,0
2020,Podkarpackie,Lubelskie,5.09.05.0000004,,1
2020,Podlaskie,Lubelskie,5.09.05.0000004,,1
2020,Warmińsko-mazurskie,Lubelskie,5.09.05.0000004,,1
2020,Wielkopolskie,Lubelskie,5.09.03.0000170,,1
2020,Dolnośląskie,Lubuskie,5.09.03.0000170,29,0
2020,Dolnośląskie,Lubuskie,5.09.05.0000004,,1
2020,Lubuskie,Lubuskie,5.09.03.0000170,584,0
2020,Lubuskie,Lubuskie,5.09.05.0000004,,1
2020,Wielkopolskie,Lubuskie,5.09.03.0000170,17,0
2020,Zachodniopomorskie,Lubuskie,5.09.03.0000170,,1
2020,Kujawsko-pomorskie,Łódzkie,5.09.05.0000004,,1
2020,Łódzkie,Łódzkie,5.09.03.0000170,778,0
2020,Łódzkie,Łódzkie,5.09.05.0000004,5,0
2020,Małopolskie,Łódzkie,5.09.03.0000170,,1
2020,Mazowieckie,Łódzkie,5.09.03.0000170,,1
2020,Śląskie,Łódzkie,5.09.03.0000170,,1
2020,Świętokrzyskie,Łódzkie,5.09.03.0000170,,1
2020,Wielkopolskie,Łódzkie,5.09.03.0000170,15,0
2020,Dolnośląskie,Małopolskie,5.09.03.0000170,,1
2020,Lubelskie,Małopolskie,5.09.03.0000170,,1
2020,Lubelskie,Małopolskie,5.09.05.0000004,,1
2020,Małopolskie,Małopolskie,5.09.03.0000170,5101,0
2020,Małopolskie,Małopolskie,5.09.05.0000004,42,0
2020,Mazowieckie,Małopolskie,5.09.03.0000170,,1
2020,Mazowieckie,Małopolskie,5.09.05.0000004,,1
2020,Podkarpackie,Małopolskie,5.09.03.0000170,14,0
2020,Śląskie,Małopolskie,5.09.03.0000170,28,0
2020,Świętokrzyskie,Małopolskie,5.09.03.0000170,6,0
2020,Lubelskie,Mazowieckie,5.09.03.0000170,34,0
2020,Lubelskie,Mazowieckie,5.09.05.0000004,,1
2020,Lubuskie,Mazowieckie,5.09.03.0000170,,1
2020,Lubuskie,Mazowieckie,5.09.05.0000004,,1
2020,Łódzkie,Mazowieckie,5.09.03.0000170,71,0
2020,Małopolskie,Mazowieckie,5.09.03.0000170,,1
2020,Mazowieckie,Mazowieckie,5.09.03.0000170,2902,0
2020,Mazowieckie,Mazowieckie,5.09.05.0000004,21,0
2020,Podkarpackie,Mazowieckie,5.09.03.0000170,,1
2020,Podlaskie,Mazowieckie,5.09.03.0000170,9,0
2020,Podlaskie,Mazowieckie,5.09.05.0000004,,1
2020,Świętokrzyskie,Mazowieckie,5.09.03.0000170,,1
2020,Warmińsko-mazurskie,Mazowieckie,5.09.03.0000170,10,0
2020,Warmińsko-mazurskie,Mazowieckie,5.09.05.0000004,,1
2020,Wielkopolskie,Mazowieckie,5.09.03.0000170,,1
2020,Dolnośląskie,Opolskie,5.09.03.0000170,27,0
2020,Opolskie,Opolskie,5.09.03.0000170,1516,0
2020,Opolskie,Opolskie,5.09.05.0000004,,1
2020,Śląskie,Opolskie,5.09.03.0000170,10,0
2020,Wielkopolskie,Opolskie,5.09.03.0000170,15,0
2020,Małopolskie,Podkarpackie,5.09.03.0000170,41,0
2020,Małopolskie,Podkarpackie,5.09.05.0000004,,1
2020,Podkarpackie,Podkarpackie,5.09.03.0000170,1306,0
2020,Podkarpackie,Podkarpackie,5.09.05.0000004,8,0
2020,Świętokrzyskie,Podkarpackie,5.09.03.0000170,,1
2020,Lubelskie,Podlaskie,5.09.03.0000170,,1
2020,Lubelskie,Podlaskie,5.09.05.0000004,,1
2020,Mazowieckie,Podlaskie,5.09.03.0000170,17,0
2020,Podlaskie,Podlaskie,5.09.03.0000170,384,0
2020,Podlaskie,Podlaskie,5.09.05.0000004,26,0
2020,Warmińsko-mazurskie,Podlaskie,5.09.03.0000170,20,0
2020,Podlaskie,Pomorskie,5.09.05.0000004,,1
2020,Pomorskie,Pomorskie,5.09.03.0000170,149,0
2020,Pomorskie,Pomorskie,5.09.05.0000004,16,0
2020,Warmińsko-mazurskie,Pomorskie,5.09.03.0000170,5,0
2020,Zachodniopomorskie,Pomorskie,5.09.03.0000170,12,0
2020,Dolnośląskie,Śląskie,5.09.03.0000170,,1
2020,Lubelskie,Śląskie,5.09.03.0000170,,1
2020,Łódzkie,Śląskie,5.09.03.0000170,,1
2020,Małopolskie,Śląskie,5.09.03.0000170,41,0
2020,Opolskie,Śląskie,5.09.03.0000170,19,0
2020,Podkarpackie,Śląskie,5.09.03.0000170,,1
2020,Śląskie,Śląskie,5.09.03.0000170,2059,0
2020,Śląskie,Śląskie,5.09.05.0000004,,1
2020,Świętokrzyskie,Śląskie,5.09.03.0000170,,1
2020,Wielkopolskie,Śląskie,5.09.03.0000170,,1
2020,Wielkopolskie,Śląskie,5.09.05.0000004,,1
2020,Łódzkie,Świętokrzyskie,5.09.03.0000170,10,0
2020,Małopolskie,Świętokrzyskie,5.09.03.0000170,7,0
2020,Podkarpackie,Świętokrzyskie,5.09.03.0000170,7,0
2020,Śląskie,Świętokrzyskie,5.09.03.0000170,,1
2020,Świętokrzyskie,Świętokrzyskie,5.09.03.0000170,796,0
2020,Świętokrzyskie,Świętokrzyskie,5.09.05.0000004,,1
2020,Podlaskie,Warmińsko-mazurskie,5.09.03.0000170,17,0
2020,Podlaskie,Warmińsko-mazurskie,5.09.05.0000004,5,0
2020,Pomorskie,Warmińsko-mazurskie,5.09.03.0000170,,1
2020,Warmińsko-mazurskie,Warmińsko-mazurskie,5.09.03.0000170,695,0
2020,Warmińsko-mazurskie,Warmińsko-mazurskie,5.09.05.0000004,,1
2020,Zachodniopomorskie,Warmińsko-mazurskie,5.09.05.0000004,,1
2020,Dolnośląskie,Wielkopolskie,5.09.03.0000170,,1
2020,Dolnośląskie,Wielkopolskie,5.09.05.0000004,,1
2020,Kujawsko-pomorskie,Wielkopolskie,5.09.03.0000170,22,0
2020,Lubuskie,Wielkopolskie,5.09.03.0000170,13,0
2020,Mazowieckie,Wielkopolskie,5.09.05.0000004,,1
2020,Podkarpackie,Wielkopolskie,5.09.05.0000004,,1
2020,Wielkopolskie,Wielkopolskie,5.09.03.0000170,3378,0
2020,Wielkopolskie,Wielkopolskie,5.09.05.0000004,31,0
2020,Zachodniopomorskie,Wielkopolskie,5.09.03.0000170,17,0
2020,Lubelskie,Zachodniopomorskie,5.09.03.0000170,,1
2020,Lubelskie,Zachodniopomorskie,5.09.05.0000004,,1
2020,Lubuskie,Zachodniopomorskie,5.09.03.0000170,6,0
2020,Pomorskie,Zachodniopomorskie,5.09.03.0000170,,1
2020,Pomorskie,Zachodniopomorskie,5.09.05.0000004,,1
2020,Warmińsko-mazurskie,Zachodniopomorskie,5.09.03.0000170,,1
2020,Wielkopolskie,Zachodniopomorskie,5.09.03.0000170,13,0
2020,Wielkopolskie,Zachodniopomorskie,5.09.05.0000004,,1
2020,Zachodniopomorskie,Zachodniopomorskie,5.09.03.0000170,1229,0
2020,Zachodniopomorskie,Zachodniopomorskie,5.09.05.0000004,14,0
2021,Dolnośląskie,Dolnośląskie,5.09.03.0000170,1742,0
2021,Dolnośląskie,Dolnośląskie,5.09.05.0000004,14,0
2021,Lubuskie,Dolnośląskie,5.09.05.0000004,,1
2021,Podkarpackie,Dolnośląskie,5.09.05.0000004,,1
2021,Śląskie,Dolnośląskie,5.09.05.0000004,,1
2021,Wielkopolskie,Dolnośląskie,5.09.03.0000170,35,0
2021,Wielkopolskie,Dolnośląskie,5.09.05.0000004,,1
2021,Kujawsko-pomorskie,Kujawsko-pomorskie,5.09.03.0000170,623,0
2021,Kujawsko-pomorskie,Kujawsko-pomorskie,5.09.05.0000004,,1
2021,Łódzkie,Kujawsko-pomorskie,5.09.03.0000170,,1
2021,Pomorskie,Kujawsko-pomorskie,5.09.03.0000170,,1
2021,Warmińsko-mazurskie,Kujawsko-pomorskie,5.09.03.0000170,,1
2021,Wielkopolskie,Kujawsko-pomorskie,5.09.03.0000170,11,0
2021,Zachodniopomorskie,Kujawsko-pomorskie,5.09.03.0000170,,1
2021,Lubelskie,Lubelskie,5.09.03.0000170,1001,0
2021,Lubelskie,Lubelskie,5.09.05.0000004,13,0
2021,Małopolskie,Lubelskie,5.09.05.0000004,,1
2021,Mazowieckie,Lubelskie,5.09.03.0000170,16,0
2021,Mazowieckie,Lubelskie,5.09.05.0000004,,1
2021,Podkarpackie,Lubelskie,5.09.03.0000170,12,0
2021,Podlaskie,Lubelskie,5.09.05.0000004,,1
2021,Dolnośląskie,Lubuskie,5.09.03.0000170,54,0
2021,Lubuskie,Lubuskie,5.09.03.0000170,620,0
2021,Lubuskie,Lubuskie,5.09.05.0000004,5,0
2021,Opolskie,Lubuskie,5.09.03.0000170,,1
2021,Wielkopolskie,Lubuskie,5.09.03.0000170,17,0
2021,Zachodniopomorskie,Lubuskie,5.09.03.0000170,,1
2021,Łódzkie,Łódzkie,5.09.03.0000170,1063,0
2021,Łódzkie,Łódzkie,5.09.05.0000004,8,0
2021,Mazowieckie,Łódzkie,5.09.03.0000170,7,0
2021,Opolskie,Łódzkie,5.09.03.0000170,,1
2021,Świętokrzyskie,Łódzkie,5.09.03.0000170,,1
2021,Wielkopolskie,Łódzkie,5.09.03.0000170,20,0
2021,Wielkopolskie,Łódzkie,5.09.05.0000004,,1
2021,Lubelskie,Małopolskie,5.09.05.0000004,,1
2021,Łódzkie,Małopolskie,5.09.03.0000170,,1
2021,Małopolskie,Małopolskie,5.09.03.0000170,6648,0
2021,Małopolskie,Małopolskie,5.09.05.0000004,48,0
2021,Opolskie,Małopolskie,5.09.03.0000170,,1
2021,Podkarpackie,Małopolskie,5.09.03.0000170,13,0
2021,Podkarpackie,Małopolskie,5.09.05.0000004,,1
2021,Śląskie,Małopolskie,5.09.03.0000170,54,0
2021,Śląskie,Małopolskie,5.09.05.0000004,,1
2021,Świętokrzyskie,Małopolskie,5.09.03.0000170,7,0
2021,Świętokrzyskie,Małopolskie,5.09.05.0000004,,1
2021,Wielkopolskie,Małopolskie,5.09.03.0000170,,1
2021,Dolnośląskie,Mazowieckie,5.09.03.0000170,,1
2021,Lubelskie,Mazowieckie,5.09.03.0000170,57,0
2021,Lubelskie,Mazowieckie,5.09.05.0000004,,1
2021,Łódzkie,Mazowieckie,5.09.03.0000170,134,0
2021,Małopolskie,Mazowieckie,5.09.03.0000170,,1
2021,Małopolskie,Mazowieckie,5.09.05.0000004,,1
2021,Mazowieckie,Mazowieckie,5.09.03.0000170,3381,0
2021,Mazowieckie,Mazowieckie,5.09.05.0000004,19,0
2021,Podkarpackie,Mazowieckie,5.09.03.0000170,,1
2021,Podlaskie,Mazowieckie,5.09.03.0000170,13,0
2021,Podlaskie,Mazowieckie,5.09.05.0000004,,1
2021,Pomorskie,Mazowieckie,5.09.03.0000170,,1
2021,Świętokrzyskie,Mazowieckie,5.09.03.0000170,,1
2021,Świętokrzyskie,Mazowieckie,5.09.05.0000004,,1
2021,Warmińsko-mazurskie,Mazowieckie,5.09.03.0000170,,1
2021,Warmińsko-mazurskie,Mazowieckie,5.09.05.0000004,,1
2021,Wielkopolskie,Mazowieckie,5.09.03.0000170,,1
2021,Zachodniopomorskie,Mazowieckie,5.09.03.0000170,,1
2021,Dolnośląskie,Opolskie,5.09.03.0000170,46,0
2021,Opolskie,Opolskie,5.09.03.0000170,1418,0
2021,Śląskie,Opolskie,5.09.03.0000170,8,0
2021,Wielkopolskie,Opolskie,5.09.03.0000170,21,0
2021,Małopolskie,Podkarpackie,5.09.03.0000170,58,0
2021,Podkarpackie,Podkarpackie,5.09.03.0000170,2056,0
2021,Podkarpackie,Podkarpackie,5.09.05.0000004,,1
2021,Świętokrzyskie,Podkarpackie,5.09.03.0000170,,1
2021,Mazowieckie,Podlaskie,5.09.03.0000170,18,0
2021,Podlaskie,Podlaskie,5.09.03.0000170,583,0
2021,Podlaskie,Podlaskie,5.09.05.0000004,23,0
2021,Warmińsko-mazurskie,Podlaskie,5.09.03.0000170,47,0
2021,Warmińsko-mazurskie,Podlaskie,5.09.05.0000004,,1
2021,Pomorskie,Pomorskie,5.09.03.0000170,146,0
2021,Pomorskie,Pomorskie,5.09.05.0000004,5,0
2021,Warmińsko-mazurskie,Pomorskie,5.09.03.0000170,13,0
2021,Zachodniopomorskie,Pomorskie,5.09.03.0000170,28,0
2021,Zachodniopomorskie,Pomorskie,5.09.05.0000004,,1
2021,Dolnośląskie,Śląskie,5.09.03.0000170,5,0
2021,Dolnośląskie,Śląskie,5.09.05.0000004,,1
2021,Łódzkie,Śląskie,5.09.03.0000170,7,0
2021,Małopolskie,Śląskie,5.09.03.0000170,71,0
2021,Małopolskie,Śląskie,5.09.05.0000004,,1
2021,Opolskie,Śląskie,5.09.03.0000170,35,0
2021,Podkarpackie,Śląskie,5.09.03.0000170,,1
2021,Podlaskie,Śląskie,5.09.03.0000170,,1
2021,Śląskie,Śląskie,5.09.03.0000170,2100,0
2021,Śląskie,Śląskie,5.09.05.0000004,9,0
2021,Świętokrzyskie,Śląskie,5.09.03.0000170,5,0
2021,Świętokrzyskie,Śląskie,5.09.05.0000004,,1
2021,Wielkopolskie,Śląskie,5.09.05.0000004,,1
2021,Lubelskie,Świętokrzyskie,5.09.03.0000170,,1
2021,Łódzkie,Świętokrzyskie,5.09.03.0000170,,1
2021,Małopolskie,Świętokrzyskie,5.09.03.0000170,8,0
2021,Podkarpackie,Świętokrzyskie,5.09.03.0000170,24,0
2021,Śląskie,Świętokrzyskie,5.09.03.0000170,,1
2021,Świętokrzyskie,Świętokrzyskie,5.09.03.0000170,1010,0
2021,Świętokrzyskie,Świętokrzyskie,5.09.05.0000004,5,0
2021,Podlaskie,Warmińsko-mazurskie,5.09.03.0000170,27,0
2021,Podlaskie,Warmińsko-mazurskie,5.09.05.0000004,5,0
2021,Pomorskie,Warmińsko-mazurskie,5.09.03.0000170,,1
2021,Warmińsko-mazurskie,Warmińsko-mazurskie,5.09.03.0000170,805,0
2021,Warmińsko-mazurskie,Warmińsko-mazurskie,5.09.05.0000004,6,0
2021,Dolnośląskie,Wielkopolskie,5.09.03.0000170,,1
2021,Kujawsko-pomorskie,Wielkopolskie,5.09.03.0000170,27,0
2021,Lubuskie,Wielkopolskie,5.09.03.0000170,,1
2021,Lubuskie,Wielkopolskie,5.09.05.0000004,,1
2021,Łódzkie,Wielkopolskie,5.09.03.0000170,,1
2021,Małopolskie,Wielkopolskie,5.09.03.0000170,,1
2021,Małopolskie,Wielkopolskie,5.09.05.0000004,,1
2021,Mazowieckie,Wielkopolskie,5.09.05.0000004,,1
2021,Opolskie,Wielkopolskie,5.09.03.0000170,,1
2021,Wielkopolskie,Wielkopolskie,5.09.03.0000170,3258,0
2021,Wielkopolskie,Wielkopolskie,5.09.05.0000004,32,0
2021,Zachodniopomorskie,Wielkopolskie,5.09.03.0000170,15,0
2021,Lubuskie,Zachodniopomorskie,5.09.03.0000170,,1
2021,Pomorskie,Zachodniopomorskie,5.09.03.0000170,13,0
2021,Wielkopolskie,Zachodniopomorskie,5.09.03.0000170,11,0
2021,Zachodniopomorskie,Zachodniopomorskie,5.09.03.0000170,1783,0
2021,Zachodniopomorskie,Zachodniopomorskie,5.09.05.0000004,16,0
2022,Dolnośląskie,Dolnośląskie,5.09.03.0000170,2396,0
2022,Dolnośląskie,Dolnośląskie,5.09.05.0000004,26,0
2022,Lubuskie,Dolnośląskie,5.09.03.0000170,,1
2022,Lubuskie,Dolnośląskie,5.09.05.0000004,,1
2022,Małopolskie,Dolnośląskie,5.09.03.0000170,,1
2022,Mazowieckie,Dolnośląskie,5.09.03.0000170,,1
2022,Opolskie,Dolnośląskie,5.09.03.0000170,,1
2022,Podkarpackie,Dolnośląskie,5.09.05.0000004,,1
2022,Wielkopolskie,Dolnośląskie,5.09.03.0000170,28,0
2022,Wielkopolskie,Dolnośląskie,5.09.05.0000004,,1
2022,Zachodniopomorskie,Dolnośląskie,5.09.03.0000170,,1
2022,Kujawsko-pomorskie,Kujawsko-pomorskie,5.09.03.0000170,735,0
2022,Mazowieckie,Kujawsko-pomorskie,5.09.05.0000004,,1
2022,Pomorskie,Kujawsko-pomorskie,5.09.03.0000170,10,0
2022,Pomorskie,Kujawsko-pomorskie,5.09.05.0000004,,1
2022,Wielkopolskie,Kujawsko-pomorskie,5.09.03.0000170,5,0
2022,Lubelskie,Lubelskie,5.09.03.0000170,1045,0
2022,Lubelskie,Lubelskie,5.09.05.0000004,6,0
2022,Mazowieckie,Lubelskie,5.09.03.0000170,9,0
2022,Mazowieckie,Lubelskie,5.09.05.0000004,,1
2022,Podkarpackie,Lubelskie,5.09.03.0000170,20,0
2022,Podkarpackie,Lubelskie,5.09.05.0000004,,1
2022,Dolnośląskie,Lubuskie,5.09.03.0000170,57,0
2022,Dolnośląskie,Lubuskie,5.09.05.0000004,,1
2022,Lubuskie,Lubuskie,5.09.03.0000170,303,0
2022,Lubuskie,Lubuskie,5.09.05.0000004,5,0
2022,Pomorskie,Lubuskie,5.09.03.0000170,,1
2022,Wielkopolskie,Lubuskie,5.09.03.0000170,12,0
2022,Wielkopolskie,Lubuskie,5.09.05.0000004,,1
2022,Zachodniopomorskie,Lubuskie,5.09.03.0000170,,1
2022,Łódzkie,Łódzkie,5.09.03.0000170,1236,0
2022,Łódzkie,Łódzkie,5.09.05.0000004,,1
2022,Mazowieckie,Łódzkie,5.09.03.0000170,,1
2022,Świętokrzyskie,Łódzkie,5.09.03.0000170,,1
2022,Wielkopolskie,Łódzkie,5.09.03.0000170,12,0
2022,Wielkopolskie,Łódzkie,5.09.05.0000004,,1
2022,Lubelskie,Małopolskie,5.09.03.0000170,,1
2022,Małopolskie,Małopolskie,5.09.03.0000170,5892,0
2022,Małopolskie,Małopolskie,5.09.05.0000004,47,0
2022,Mazowieckie,Małopolskie,5.09.05.0000004,,1
2022,Podkarpackie,Małopolskie,5.09.03.0000170,21,0
2022,Podlaskie,Małopolskie,5.09.03.0000170,,1
2022,Podlaskie,Małopolskie,5.09.05.0000004,,1
2022,Pomorskie,Małopolskie,5.09.03.0000170,,1
2022,Śląskie,Małopolskie,5.09.03.0000170,58,0
2022,Świętokrzyskie,Małopolskie,5.09.03.0000170,7,0
2022,Wielkopolskie,Małopolskie,5.09.03.0000170,,1
2022,Dolnośląskie,Mazowieckie,5.09.03.0000170,,1
2022,Lubelskie,Mazowieckie,5.09.03.0000170,66,0
2022,Lubuskie,Mazowieckie,5.09.03.0000170,,1
2022,Łódzkie,Mazowieckie,5.09.03.0000170,146,0
2022,Łódzkie,Mazowieckie,5.09.05.0000004,,1
2022,Małopolskie,Mazowieckie,5.09.03.0000170,5,0
2022,Małopolskie,Mazowieckie,5.09.05.0000004,,1
2022,Mazowieckie,Mazowieckie,5.09.03.0000170,2548,0
2022,Mazowieckie,Mazowieckie,5.09.05.0000004,7,0
2022,Podkarpackie,Mazowieckie,5.09.03.0000170,,1
2022,Podlaskie,Mazowieckie,5.09.03.0000170,25,0
2022,Podlaskie,Mazowieckie,5.09.05.0000004,,1
2022,Pomorskie,Mazowieckie,5.09.03.0000170,,1
2022,Pomorskie,Mazowieckie,5.09.05.0000004,,1
2022,Śląskie,Mazowieckie,5.09.03.0000170,,1
2022,Świętokrzyskie,Mazowieckie,5.09.03.0000170,,1
2022,Warmińsko-mazurskie,Mazowieckie,5.09.03.0000170,14,0
2022,Warmińsko-mazurskie,Mazowieckie,5.09.05.0000004,,1
2022,Wielkopolskie,Mazowieckie,5.09.03.0000170,,1
2022,Zachodniopomorskie,Mazowieckie,5.09.03.0000170,,1
2022,Zachodniopomorskie,Mazowieckie,5.09.05.0000004,,1
2022,Dolnośląskie,Opolskie,5.09.03.0000170,21,0
2022,Opolskie,Opolskie,5.09.03.0000170,1212,0
2022,Opolskie,Opolskie,5.09.05.0000004,,1
2022,Śląskie,Opolskie,5.09.03.0000170,,1
2022,Wielkopolskie,Opolskie,5.09.03.0000170,25,0
2022,Lubelskie,Podkarpackie,5.09.03.0000170,,1
2022,Małopolskie,Podkarpackie,5.09.03.0000170,75,0
2022,Małopolskie,Podkarpackie,5.09.05.0000004,,1
2022,Opolskie,Podkarpackie,5.09.03.0000170,,1
2022,Podkarpackie,Podkarpackie,5.09.03.0000170,1689,0
2022,Podkarpackie,Podkarpackie,5.09.05.0000004,10,0
2022,Mazowieckie,Podlaskie,5.09.03.0000170,28,0
2022,Podlaskie,Podlaskie,5.09.03.0000170,438,0
2022,Podlaskie,Podlaskie,5.09.05.0000004,24,0
2022,Warmińsko-mazurskie,Podlaskie,5.09.03.0000170,58,0
2022,Pomorskie,Pomorskie,5.09.03.0000170,570,0
2022,Pomorskie,Pomorskie,5.09.05.0000004,11,0
2022,Warmińsko-mazurskie,Pomorskie,5.09.03.0000170,7,0
2022,Warmińsko-mazurskie,Pomorskie,5.09.05.0000004,,1
2022,Wielkopolskie,Pomorskie,5.09.03.0000170,,1
2022,Zachodniopomorskie,Pomorskie,5.09.03.0000170,25,0
2022,Zachodniopomorskie,Pomorskie,5.09.05.0000004,,1
2022,Dolnośląskie,Śląskie,5.09.03.0000170,,1
2022,Dolnośląskie,Śląskie,5.09.05.0000004,,1
2022,Łódzkie,Śląskie,5.09.03.0000170,9,0
2022,Małopolskie,Śląskie,5.09.03.0000170,94,0
2022,Małopolskie,Śląskie,5.09.05.0000004,,1
2022,Opolskie,Śląskie,5.09.03.0000170,27,0
2022,Opolskie,Śląskie,5.09.05.0000004,,1
2022,Podkarpackie,Śląskie,5.09.03.0000170,,1
2022,Podkarpackie,Śląskie,5.09.05.0000004,,1
2022,Śląskie,Śląskie,5.09.03.0000170,2568,0
2022,Śląskie,Śląskie,5.09.05.0000004,19,0
2022,Świętokrzyskie,Śląskie,5.09.03.0000170,6,0
2022,Świętokrzyskie,Śląskie,5.09.05.0000004,,1
2022,Łódzkie,Świętokrzyskie,5.09.03.0000170,25,0
2022,Małopolskie,Świętokrzyskie,5.09.03.0000170,10,0
2022,Małopolskie,Świętokrzyskie,5.09.05.0000004,,1
2022,Podkarpackie,Świętokrzyskie,5.09.03.0000170,24,0
2022,Śląskie,Świętokrzyskie,5.09.03.0000170,,1
2022,Świętokrzyskie,Świętokrzyskie,5.09.03.0000170,899,0
2022,Świętokrzyskie,Świętokrzyskie,5.09.05.0000004,,1
2022,Podlaskie,Warmińsko-mazurskie,5.09.03.0000170,12,0
2022,Podlaskie,Warmińsko-mazurskie,5.09.05.0000004,,1
2022,Pomorskie,Warmińsko-mazurskie,5.09.03.0000170,,1
2022,Warmińsko-mazurskie,Warmińsko-mazurskie,5.09.03.0000170,958,0
2022,Warmińsko-mazurskie,Warmińsko-mazurskie,5.09.05.0000004,8,0
2022,Dolnośląskie,Wielkopolskie,5.09.03.0000170,5,0
2022,Dolnośląskie,Wielkopolskie,5.09.05.0000004,,1
2022,Kujawsko-pomorskie,Wielkopolskie,5.09.03.0000170,65,0
2022,Lubelskie,Wielkopolskie,5.09.03.0000170,,1
2022,Lubuskie,Wielkopolskie,5.09.03.0000170,5,0
2022,Lubuskie,Wielkopolskie,5.09.05.0000004,,1
2022,Małopolskie,Wielkopolskie,5.09.03.0000170,,1
2022,Wielkopolskie,Wielkopolskie,5.09.03.0000170,3125,0
2022,Wielkopolskie,Wielkopolskie,5.09.05.0000004,20,0
2022,Zachodniopomorskie,Wielkopolskie,5.09.03.0000170,,1
2022,Lubuskie,Zachodniopomorskie,5.09.05.0000004,,1
2022,Pomorskie,Zachodniopomorskie,5.09.03.0000170,44,0
2022,Pomorskie,Zachodniopomorskie,5.09.05.0000004,,1
2022,Śląskie,Zachodniopomorskie,5.09.03.0000170,,1
2022,Śląskie,Zachodniopomorskie,5.09.05.0000004,,1
2022,Warmińsko-mazurskie,Zachodniopomorskie,5.09.05.0000004,,1
2022,Wielkopolskie,Zachodniopomorskie,5.09.03.0000170,15,0
2022,Zachodniopomorskie,Zachodniopomorskie,5.09.03.0000170,2365,0
2022,Zachodniopomorskie,Zachodniopomorskie,5.09.05.0000004,28,0
2023,Dolnośląskie,Dolnośląskie,5.09.03.0000170,3626,0
2023,Dolnośląskie,Dolnośląskie,5.09.05.0000004,20,0
2023,Lubuskie,Dolnośląskie,5.09.03.0000170,,1
2023,Lubuskie,Dolnośląskie,5.09.05.0000004,,1
2023,Opolskie,Dolnośląskie,5.09.03.0000170,,1
2023,Pomorskie,Dolnośląskie,5.09.03.0000170,,1
2023,Wielkopolskie,Dolnośląskie,5.09.03.0000170,44,0
2023,Wielkopolskie,Dolnośląskie,5.09.05.0000004,,1
2023,Zachodniopomorskie,Dolnośląskie,5.09.05.0000004,,1
2023,Kujawsko-pomorskie,Kujawsko-pomorskie,5.09.03.0000170,1017,0
2023,Kujawsko-pomorskie,Kujawsko-pomorskie,5.09.05.0000004,,1
2023,Pomorskie,Kujawsko-pomorskie,5.09.03.0000170,18,0
2023,Wielkopolskie,Kujawsko-pomorskie,5.09.03.0000170,7,0
2023,Zachodniopomorskie,Kujawsko-pomorskie,5.09.03.0000170,,1
2023,Dolnośląskie,Lubelskie,5.09.03.0000170,,1
2023,Lubelskie,Lubelskie,5.09.03.0000170,1321,0
2023,Lubelskie,Lubelskie,5.09.05.0000004,5,0
2023,Małopolskie,Lubelskie,5.09.03.0000170,,1
2023,Mazowieckie,Lubelskie,5.09.03.0000170,5,0
2023,Podkarpackie,Lubelskie,5.09.03.0000170,6,0
2023,Podkarpackie,Lubelskie,5.09.05.0000004,,1
2023,Wielkopolskie,Lubelskie,5.09.03.0000170,,1
2023,Dolnośląskie,Lubuskie,5.09.03.0000170,83,0
2023,Lubuskie,Lubuskie,5.09.03.0000170,302,0
2023,Lubuskie,Lubuskie,5.09.05.0000004,7,0
2023,Pomorskie,Lubuskie,5.09.03.0000170,,1
2023,Wielkopolskie,Lubuskie,5.09.03.0000170,69,0
2023,Wielkopolskie,Lubuskie,5.09.05.0000004,,1
2023,Zachodniopomorskie,Lubuskie,5.09.03.0000170,8,0
2023,Łódzkie,Łódzkie,5.09.03.0000170,1873,0
2023,Łódzkie,Łódzkie,5.09.05.0000004,,1
2023,Mazowieckie,Łódzkie,5.09.03.0000170,,1
2023,Świętokrzyskie,Łódzkie,5.09.03.0000170,,1
2023,Wielkopolskie,Łódzkie,5.09.03.0000170,46,0
2023,Dolnośląskie,Małopolskie,5.09.03.0000170,,1
2023,Dolnośląskie,Małopolskie,5.09.05.0000004,,1
2023,Lubelskie,Małopolskie,5.09.05.0000004,,1
2023,Małopolskie,Małopolskie,5.09.03.0000170,5817,0
2023,Małopolskie,Małopolskie,5.09.05.0000004,62,0
2023,Mazowieckie,Małopolskie,5.09.03.0000170,,1
2023,Mazowieckie,Małopolskie,5.09.05.0000004,,1
2023,Podkarpackie,Małopolskie,5.09.03.0000170,18,0
2023,Podkarpackie,Małopolskie,5.09.05.0000004,,1
2023,Śląskie,Małopolskie,5.09.03.0000170,72,0
2023,Świętokrzyskie,Małopolskie,5.09.03.0000170,8,0
2023,Wielkopolskie,Małopolskie,5.09.03.0000170,,1
2023,Wielkopolskie,Małopolskie,5.09.05.0000004,,1
2023,Dolnośląskie,Mazowieckie,5.09.03.0000170,,1
2023,Dolnośląskie,Mazowieckie,5.09.05.0000004,,1
2023,Kujawsko-pomorskie,Mazowieckie,5.09.03.0000170,,1
2023,Kujawsko-pomorskie,Mazowieckie,5.09.05.0000004,,1
2023,Lubelskie,Mazowieckie,5.09.03.0000170,100,0
2023,Łódzkie,Mazowieckie,5.09.03.0000170,117,0
2023,Łódzkie,Mazowieckie,5.09.05.0000004,,1
2023,Małopolskie,Mazowieckie,5.09.03.0000170,,1
2023,Mazowieckie,Mazowieckie,5.09.03.0000170,2322,0
2023,Mazowieckie,Mazowieckie,5.09.05.0000004,16,0
2023,Podkarpackie,Mazowieckie,5.09.03.0000170,,1
2023,Podlaskie,Mazowieckie,5.09.03.0000170,,1
2023,Pomorskie,Mazowieckie,5.09.03.0000170,,1
2023,Pomorskie,Mazowieckie,5.09.05.0000004,,1
2023,Świętokrzyskie,Mazowieckie,5.09.03.0000170,,1
2023,Warmińsko-mazurskie,Mazowieckie,5.09.03.0000170,19,0
2023,Wielkopolskie,Mazowieckie,5.09.03.0000170,6,0
2023,Zachodniopomorskie,Mazowieckie,5.09.03.0000170,,1
2023,Zachodniopomorskie,Mazowieckie,5.09.05.0000004,,1
2023,Dolnośląskie,Opolskie,5.09.03.0000170,14,0
2023,Małopolskie,Opolskie,5.09.03.0000170,,1
2023,Opolskie,Opolskie,5.09.03.0000170,1501,0
2023,Opolskie,Opolskie,5.09.05.0000004,8,0
2023,Śląskie,Opolskie,5.09.03.0000170,,1
2023,Śląskie,Opolskie,5.09.05.0000004,,1
2023,Wielkopolskie,Opolskie,5.09.03.0000170,32,0
2023,Lubelskie,Podkarpackie,5.09.03.0000170,7,0
2023,Małopolskie,Podkarpackie,5.09.03.0000170,70,0
2023,Podkarpackie,Podkarpackie,5.09.03.0000170,1645,0
2023,Podkarpackie,Podkarpackie,5.09.05.0000004,11,0
2023,Świętokrzyskie,Podkarpackie,5.09.03.0000170,,1
2023,Mazowieckie,Podlaskie,5.09.03.0000170,38,0
2023,Podlaskie,Podlaskie,5.09.03.0000170,547,0
2023,Podlaskie,Podlaskie,5.09.05.0000004,30,0
2023,Warmińsko-mazurskie,Podlaskie,5.09.03.0000170,56,0
2023,Lubuskie,Pomorskie,5.09.03.0000170,,1
2023,Podlaskie,Pomorskie,5.09.05.0000004,,1
2023,Pomorskie,Pomorskie,5.09.03.0000170,1135,0
2023,Pomorskie,Pomorskie,5.09.05.0000004,16,0
2023,Warmińsko-mazurskie,Pomorskie,5.09.03.0000170,6,0
2023,Wielkopolskie,Pomorskie,5.09.03.0000170,,1
2023,Zachodniopomorskie,Pomorskie,5.09.03.0000170,26,0
2023,Dolnośląskie,Śląskie,5.09.03.0000170,5,0
2023,Dolnośląskie,Śląskie,5.09.05.0000004,,1
2023,Łódzkie,Śląskie,5.09.03.0000170,6,0
2023,Łódzkie,Śląskie,5.09.05.0000004,,1
2023,Małopolskie,Śląskie,5.09.03.0000170,102,0
2023,Małopolskie,Śląskie,5.09.05.0000004,,1
2023,Opolskie,Śląskie,5.09.03.0000170,33,0
2023,Opolskie,Śląskie,5.09.05.0000004,,1
2023,Śląskie,Śląskie,5.09.03.0000170,3177,0
2023,Śląskie,Śląskie,5.09.05.0000004,10,0
2023,Świętokrzyskie,Śląskie,5.09.03.0000170,,1
2023,Świętokrzyskie,Śląskie,5.09.05.0000004,,1
2023,Wielkopolskie,Śląskie,5.09.03.0000170,,1
2023,Lubelskie,Świętokrzyskie,5.09.03.0000170,,1
2023,Łódzkie,Świętokrzyskie,5.09.03.0000170,29,0
2023,Małopolskie,Świętokrzyskie,5.09.03.0000170,,1
2023,Podkarpackie,Świętokrzyskie,5.09.03.0000170,25,0
2023,Śląskie,Świętokrzyskie,5.09.03.0000170,,1
2023,Świętokrzyskie,Świętokrzyskie,5.09.03.0000170,1211,0
2023,Świętokrzyskie,Świętokrzyskie,5.09.05.0000004,9,0
2023,Mazowieckie,Warmińsko-mazurskie,5.09.03.0000170,,1
2023,Podlaskie,Warmińsko-mazurskie,5.09.03.0000170,25,0
2023,Podlaskie,Warmińsko-mazurskie,5.09.05.0000004,7,0
2023,Pomorskie,Warmińsko-mazurskie,5.09.03.0000170,,1
2023,Warmińsko-mazurskie,Warmińsko-mazurskie,5.09.03.0000170,934,0
2023,Warmińsko-mazurskie,Warmińsko-mazurskie,5.09.05.0000004,,1
2023,Dolnośląskie,Wielkopolskie,5.09.03.0000170,12,0
2023,Dolnośląskie,Wielkopolskie,5.09.05.0000004,,1
2023,Kujawsko-pomorskie,Wielkopolskie,5.09.03.0000170,55,0
2023,Lubuskie,Wielkopolskie,5.09.03.0000170,8,0
2023,Lubuskie,Wielkopolskie,5.09.05.0000004,,1
2023,Mazowieckie,Wielkopolskie,5.09.05.0000004,,1
2023,Opolskie,Wielkopolskie,5.09.03.0000170,,1
2023,Opolskie,Wielkopolskie,5.09.05.0000004,,1
2023,Wielkopolskie,Wielkopolskie,5.09.03.0000170,4019,0
2023,Wielkopolskie,Wielkopolskie,5.09.05.0000004,41,0
2023,Zachodniopomorskie,Wielkopolskie,5.09.03.0000170,11,0
2023,Dolnośląskie,Zachodniopomorskie,5.09.03.0000170,,1
2023,Lubuskie,Zachodniopomorskie,5.09.03.0000170,6,0
2023,Lubuskie,Zachodniopomorskie,5.09.05.0000004,,1
2023,Mazowieckie,Zachodniopomorskie,5.09.03.0000170,,1
2023,Mazowieckie,Zachodniopomorskie,5.09.05.0000004,,1
2023,Pomorskie,Zachodniopomorskie,5.09.03.0000170,16,0
2023,Pomorskie,Zachodniopomorskie,5.09.05.0000004,,1
2023,Śląskie,Zachodniopomorskie,5.09.03.0000170,,1
2023,Śląskie,Zachodniopomorskie,5.09.05.0000004,,1
2023,Wielkopolskie,Zachodniopomorskie,5.09.03.0000170,15,0
2023,Zachodniopomorskie,Zachodniopomorskie,5.09.03.0000170,2979,0
2023,Zachodniopomorskie,Zachodniopomorskie,5.09.05.0000004,28,0
2024,Dolnośląskie,Dolnośląskie,5.09.03.0000170,3617,0
2024,Dolnośląskie,Dolnośląskie,5.09.05.0000004,39,0
2024,Kujawsko-pomorskie,Dolnośląskie,5.09.03.0000170,,1
2024,Lubelskie,Dolnośląskie,5.09.03.0000170,,1
2024,Lubelskie,Dolnośląskie,5.09.05.0000004,,1
2024,Lubuskie,Dolnośląskie,5.09.03.0000170,5,0
2024,Lubuskie,Dolnośląskie,5.09.05.0000004,,1
2024,Łódzkie,Dolnośląskie,5.09.03.0000170,,1
2024,Małopolskie,Dolnośląskie,5.09.03.0000170,,1
2024,Mazowieckie,Dolnośląskie,5.09.03.0000170,,1
2024,Opolskie,Dolnośląskie,5.09.03.0000170,5,0
2024,Śląskie,Dolnośląskie,5.09.03.0000170,,1
2024,Wielkopolskie,Dolnośląskie,5.09.03.0000170,51,0
2024,Wielkopolskie,Dolnośląskie,5.09.05.0000004,,1
2024,Kujawsko-pomorskie,Kujawsko-pomorskie,5.09.03.0000170,1169,0
2024,Kujawsko-pomorskie,Kujawsko-pomorskie,5.09.05.0000004,,1
2024,Lubuskie,Kujawsko-pomorskie,5.09.03.0000170,,1
2024,Pomorskie,Kujawsko-pomorskie,5.09.03.0000170,32,0
2024,Warmińsko-mazurskie,Kujawsko-pomorskie,5.09.03.0000170,5,0
2024,Wielkopolskie,Kujawsko-pomorskie,5.09.03.0000170,32,0
2024,Zachodniopomorskie,Kujawsko-pomorskie,5.09.03.0000170,,1
2024,Kujawsko-pomorskie,Lubelskie,5.09.05.0000004,,1
2024,Lubelskie,Lubelskie,5.09.03.0000170,2033,0
2024,Lubelskie,Lubelskie,5.09.05.0000004,9,0
2024,Małopolskie,Lubelskie,5.09.03.0000170,,1
2024,Mazowieckie,Lubelskie,5.09.03.0000170,5,0
2024,Mazowieckie,Lubelskie,5.09.05.0000004,,1
2024,Podkarpackie,Lubelskie,5.09.03.0000170,,1
2024,Podkarpackie,Lubelskie,5.09.05.0000004,,1
2024,Podlaskie,Lubelskie,5.09.03.0000170,,1
2024,Świętokrzyskie,Lubelskie,5.09.03.0000170,5,0
2024,Warmińsko-mazurskie,Lubelskie,5.09.05.0000004,,1
2024,Wielkopolskie,Lubelskie,5.09.03.0000170,,1
2024,Dolnośląskie,Lubuskie,5.09.03.0000170,85,0
2024,Dolnośląskie,Lubuskie,5.09.05.0000004,,1
2024,Kujawsko-pomorskie,Lubuskie,5.09.03.0000170,,1
2024,Lubuskie,Lubuskie,5.09.03.0000170,449,0
2024,Lubuskie,Lubuskie,5.09.05.0000004,9,0
2024,Podkarpackie,Lubuskie,5.09.03.0000170,,1
2024,Podlaskie,Lubuskie,5.09.03.0000170,,1
2024,Wielkopolskie,Lubuskie,5.09.03.0000170,116,0
2024,Wielkopolskie,Lubuskie,5.09.05.0000004,,1
2024,Zachodniopomorskie,Lubuskie,5.09.03.0000170,7,0
2024,Łódzkie,Łódzkie,5.09.03.0000170,5217,0
2024,Łódzkie,Łódzkie,5.09.05.0000004,6,0
2024,Mazowieckie,Łódzkie,5.09.03.0000170,,1
2024,Świętokrzyskie,Łódzkie,5.09.03.0000170,,1
2024,Wielkopolskie,Łódzkie,5.09.03.0000170,56,0
2024,Dolnośląskie,Małopolskie,5.09.03.0000170,,1
2024,Dolnośląskie,Małopolskie,5.09.05.0000004,,1
2024,Małopolskie,Małopolskie,5.09.03.0000170,6418,0
2024,Małopolskie,Małopolskie,5.09.05.0000004,65,0
2024,Mazowieckie,Małopolskie,5.09.03.0000170,,1
2024,Opolskie,Małopolskie,5.09.03.0000170,,1
2024,Podkarpackie,Małopolskie,5.09.03.0000170,16,0
2024,Podkarpackie,Małopolskie,5.09.05.0000004,,1
2024,Podlaskie,Małopolskie,5.09.05.0000004,,1
2024,Śląskie,Małopolskie,5.09.03.0000170,52,0
2024,Śląskie,Małopolskie,5.09.05.0000004,,1
2024,Świętokrzyskie,Małopolskie,5.09.03.0000170,10,0
2024,Świętokrzyskie,Małopolskie,5.09.05.0000004,,1
2024,Wielkopolskie,Małopolskie,5.09.03.0000170,,1
2024,Wielkopolskie,Małopolskie,5.09.05.0000004,,1
2024,Lubelskie,Mazowieckie,5.09.03.0000170,111,0
2024,Lubelskie,Mazowieckie,5.09.05.0000004,,1
2024,Łódzkie,Mazowieckie,5.09.03.0000170,102,0
2024,Łódzkie,Mazowieckie,5.09.05.0000004,,1
2024,Małopolskie,Mazowieckie,5.09.03.0000170,,1
2024,Małopolskie,Mazowieckie,5.09.05.0000004,,1
2024,Mazowieckie,Mazowieckie,5.09.03.0000170,2896,0
2024,Mazowieckie,Mazowieckie,5.09.05.0000004,32,0
2024,Podkarpackie,Mazowieckie,5.09.03.0000170,,1
2024,Podlaskie,Mazowieckie,5.09.03.0000170,11,0
2024,Podlaskie,Mazowieckie,5.09.05.0000004,,1
2024,Pomorskie,Mazowieckie,5.09.03.0000170,,1
2024,Pomorskie,Mazowieckie,5.09.05.0000004,,1
2024,Śląskie,Mazowieckie,5.09.03.0000170,,1
2024,Świętokrzyskie,Mazowieckie,5.09.03.0000170,,1
2024,Warmińsko-mazurskie,Mazowieckie,5.09.03.0000170,19,0
2024,Wielkopolskie,Mazowieckie,5.09.03.0000170,,1
2024,Dolnośląskie,Opolskie,5.09.03.0000170,15,0
2024,Łódzkie,Opolskie,5.09.03.0000170,,1
2024,Opolskie,Opolskie,5.09.03.0000170,1521,0
2024,Opolskie,Opolskie,5.09.05.0000004,6,0
2024,Śląskie,Opolskie,5.09.03.0000170,7,0
2024,Wielkopolskie,Opolskie,5.09.03.0000170,46,0
2024,Lubelskie,Podkarpackie,5.09.03.0000170,5,0
2024,Małopolskie,Podkarpackie,5.09.03.0000170,45,0
2024,Podkarpackie,Podkarpackie,5.09.03.0000170,2046,0
2024,Podkarpackie,Podkarpackie,5.09.05.0000004,11,0
2024,Świętokrzyskie,Podkarpackie,5.09.03.0000170,6,0
2024,Świętokrzyskie,Podkarpackie,5.09.05.0000004,,1
2024,Dolnośląskie,Podlaskie,5.09.03.0000170,,1
2024,Dolnośląskie,Podlaskie,5.09.05.0000004,,1
2024,Lubelskie,Podlaskie,5.09.03.0000170,,1
2024,Mazowieckie,Podlaskie,5.09.03.0000170,44,0
2024,Podlaskie,Podlaskie,5.09.03.0000170,3622,0
2024,Podlaskie,Podlaskie,5.09.05.0000004,29,0
2024,Warmińsko-mazurskie,Podlaskie,5.09.03.0000170,46,0
2024,Warmińsko-mazurskie,Podlaskie,5.09.05.0000004,,1
2024,Kujawsko-pomorskie,Pomorskie,5.09.03.0000170,,1
2024,Pomorskie,Pomorskie,5.09.03.0000170,1608,0
2024,Pomorskie,Pomorskie,5.09.05.0000004,15,0
2024,Śląskie,Pomorskie,5.09.03.0000170,,1
2024,Warmińsko-mazurskie,Pomorskie,5.09.03.0000170,,1
2024,Wielkopolskie,Pomorskie,5.09.03.0000170,,1
2024,Zachodniopomorskie,Pomorskie,5.09.03.0000170,50,0
2024,Zachodniopomorskie,Pomorskie,5.09.05.0000004,,1
2024,Dolnośląskie,Śląskie,5.09.03.0000170,9,0
2024,Lubelskie,Śląskie,5.09.03.0000170,,1
2024,Łódzkie,Śląskie,5.09.03.0000170,20,0
2024,Łódzkie,Śląskie,5.09.05.0000004,,1
2024,Małopolskie,Śląskie,5.09.03.0000170,133,0
2024,Małopolskie,Śląskie,5.09.05.0000004,6,0
2024,Mazowieckie,Śląskie,5.09.03.0000170,,1
2024,Mazowieckie,Śląskie,5.09.05.0000004,,1
2024,Opolskie,Śląskie,5.09.03.0000170,25,0
2024,Podkarpackie,Śląskie,5.09.03.0000170,,1
2024,Podlaskie,Śląskie,5.09.03.0000170,,1
2024,Podlaskie,Śląskie,5.09.05.0000004,,1
2024,Pomorskie,Śląskie,5.09.03.0000170,,1
2024,Śląskie,Śląskie,5.09.03.0000170,2993,0
2024,Śląskie,Śląskie,5.09.05.0000004,10,0
2024,Świętokrzyskie,Śląskie,5.09.03.0000170,8,0
2024,Świętokrzyskie,Śląskie,5.09.05.0000004,,1
2024,Warmińsko-mazurskie,Śląskie,5.09.05.0000004,,1
2024,Wielkopolskie,Śląskie,5.09.05.0000004,,1
2024,Łódzkie,Świętokrzyskie,5.09.03.0000170,42,0
2024,Małopolskie,Świętokrzyskie,5.09.03.0000170,,1
2024,Podkarpackie,Świętokrzyskie,5.09.03.0000170,,1
2024,Świętokrzyskie,Świętokrzyskie,5.09.03.0000170,1564,0
2024,Świętokrzyskie,Świętokrzyskie,5.09.05.0000004,19,0
2024,Mazowieckie,Warmińsko-mazurskie,5.09.03.0000170,,1
2024,Podlaskie,Warmińsko-mazurskie,5.09.03.0000170,25,0
2024,Podlaskie,Warmińsko-mazurskie,5.09.05.0000004,,1
2024,Pomorskie,Warmińsko-mazurskie,5.09.03.0000170,9,0
2024,Warmińsko-mazurskie,Warmińsko-mazurskie,5.09.03.0000170,1270,0
2024,Warmińsko-mazurskie,Warmińsko-mazurskie,5.09.05.0000004,22,0
2024,Dolnośląskie,Wielkopolskie,5.09.03.0000170,12,0
2024,Kujawsko-pomorskie,Wielkopolskie,5.09.03.0000170,69,0
2024,Lubuskie,Wielkopolskie,5.09.03.0000170,12,0
2024,Lubuskie,Wielkopolskie,5.09.05.0000004,5,0
2024,Łódzkie,Wielkopolskie,5.09.03.0000170,,1
2024,Opolskie,Wielkopolskie,5.09.05.0000004,,1
2024,Wielkopolskie,Wielkopolskie,5.09.03.0000170,5565,0
2024,Wielkopolskie,Wielkopolskie,5.09.05.0000004,60,0
2024,Zachodniopomorskie,Wielkopolskie,5.09.03.0000170,19,0
2024,Kujawsko-pomorskie,Zachodniopomorskie,5.09.05.0000004,,1
2024,Lubuskie,Zachodniopomorskie,5.09.03.0000170,5,0
2024,Lubuskie,Zachodniopomorskie,5.09.05.0000004,,1
2024,Łódzkie,Zachodniopomorskie,5.09.03.0000170,,1
2024,Pomorskie,Zachodniopomorskie,5.09.03.0000170,37,0
2024,Warmińsko-mazurskie,Zachodniopomorskie,5.09.03.0000170,,1
2024,Warmińsko-mazurskie,Zachodniopomorskie,5.09.05.0000004,,1
2024,Wielkopolskie,Zachodniopomorskie,5.09.03.0000170,11,0
2024,Zachodniopomorskie,Zachodniopomorskie,5.09.03.0000170,2807,0
2024,Zachodniopomorskie,Zachodniopomorskie,5.09.05.0000004,22,0
